Route,DriverID,DriverName,SalesManager id,SalesManager,HelperID,HelperName
AR1,D001,Ahmed Khan,S001,Arun,H001,Adam Farooq
AR26,D026,Ahmed Khan,S001,Arun,H026,Zara Kamal
AR51,D051,Ahmed Khan,S001,Arun,H051,Zain Malik
AR76,D076,Ahmed Khan,S001,Arun,H076,Yasir Zaman
AR2,D002,Sara Ali,S002,Sameer,H002,Bilqis Shah
AR27,D027,Sara Ali,S002,Sameer,H027,Aarav Noman
AR52,D052,Sara Ali,S002,Sameer,H052,Amira Shahid
AR77,D077,Sara Ali,S002,Sameer,H077,Zara Javed
AR3,D003,Rashid Hussain,S003,Fatima,H003,Cyrus Malik
AR28,D028,Rashid Hussain,S003,Fatima,H028,Basma Khalil
AR53,D053,Rashid Hussain,S003,Fatima,H053,Bashir Noman
AR78,D078,Rashid Hussain,S003,Fatima,H078,Aarav Hashim
AR4,D004,Fatima Mohamed,S004,Rohit,H004,Dalia Ahmed
AR29,D029,Fatima Mohamed,S004,Rohit,H029,Danish Raza
AR54,D054,Fatima Mohamed,S004,Rohit,H054,Chahak Imran
AR79,D079,Fatima Mohamed,S004,Rohit,H079,Basma Saleh
AR5,D005,Noura Rahman,S005,Jasim,H005,Ehsan Mirza
AR30,D030,Noura Rahman,S005,Jasim,H030,Elham Imran
AR55,D055,Noura Rahman,S005,Jasim,H055,Danish Tariq
AR80,D080,Noura Rahman,S005,Jasim,H080,Danish Qadir
AR6,D006,Hassan Saeed,S006,Noura,H006,Farah Alawi
AR31,D031,Hassan Saeed,S006,Noura,H031,Faisal Qadir
AR56,D056,Hassan Saeed,S006,Noura,H056,Eliza Farid
AR81,D081,Hassan Saeed,S006,Noura,H081,Elham Malik
AR7,D007,Yusuf Nasser,S007,Bilal,H007,Ghalib Yaseen
AR32,D032,Yusuf Nasser,S007,Bilal,H032,Gulzar Hanif
AR57,D057,Yusuf Nasser,S007,Bilal,H057,Farooq Junaid
AR82,D082,Yusuf Nasser,S007,Bilal,H082,Faisal Noor
AR8,D008,Rania Fardan,S008,Haya,H008,Huda Kareem
AR33,D033,Rania Fardan,S008,Haya,H033,Hina Sarwar
AR58,D058,Rania Fardan,S008,Haya,H058,Gulnaz Hamid
AR83,D083,Rania Fardan,S008,Haya,H083,Gulzar Tahir
AR9,D009,Omar Hashmi,S009,Omar,H009,Ilyas Zaman
AR34,D034,Omar Hashmi,S009,Omar,H034,Idris Masood
AR59,D059,Omar Hashmi,S009,Omar,H059,Hamza Riaz
AR84,D084,Omar Hashmi,S009,Omar,H084,Hina Farhan
AR10,D010,Hala Khan,S010,Sara,H010,Jameela Nadeem
AR35,D035,Hala Khan,S010,Sara,H035,Jasmine Anwar
AR60,D060,Hala Khan,S010,Sara,H060,Imaan Qureshi
AR85,D085,Hala Khan,S010,Sara,H085,Idris Noman
AR11,D011,Khalid Ali,S011,Khalid,H011,Kamran Reza
AR36,D036,Khalid Ali,S011,Khalid,H036,Karim Saleh
AR61,D061,Khalid Ali,S011,Khalid,H061,Junaid Zahid
AR86,D086,Khalid Ali,S011,Khalid,H086,Jasmine Rizvi
AR12,D012,Aisha Hussain,S012,Aisha,H012,Laila Saif
AR37,D037,Aisha Hussain,S012,Aisha,H037,Latifa Noor
AR62,D062,Aisha Hussain,S012,Aisha,H062,Kiran Farhan
AR87,D087,Aisha Hussain,S012,Aisha,H087,Karim Zubair
AR13,D013,Rami Mohamed,S013,Rami,H013,Mahir Qureshi
AR38,D038,Rami Mohamed,S013,Rami,H038,Mikaeel Zahid
AR63,D063,Rami Mohamed,S013,Rami,H063,Laiba Masood
AR88,D088,Rami Mohamed,S013,Rami,H088,Latifa Anwar
AR14,D014,Yasmin Rahman,S014,Yasmin,H014,Nadia Hashim
AR39,D039,Yasmin Rahman,S014,Yasmin,H039,Nawal Farhan
AR64,D064,Yasmin Rahman,S014,Yasmin,H064,Mansoor Saleh
AR89,D089,Yasmin Rahman,S014,Yasmin,H089,Mikaeel Iqbal
AR15,D015,Zaid Saeed,S015,Zaid,H015,Omar Tahir
AR40,D040,Zaid Saeed,S015,Zaid,H040,Osama Riaz
AR65,D065,Zaid Saeed,S015,Zaid,H065,Nadia Hanif
AR90,D090,Zaid Saeed,S015,Zaid,H090,Nawal Shafi
AR16,D016,Leila Nasser,S016,Leila,H016,Pariya Feroz
AR41,D041,Leila Nasser,S016,Leila,H041,Pari Nadeem
AR66,D066,Leila Nasser,S016,Leila,H066,Omar Zafar
AR91,D091,Leila Nasser,S016,Leila,H091,Osama Hamid
AR17,D017,Imran Fardan,S017,Imran,H017,Qasim Jafar
AR42,D042,Imran Fardan,S017,Imran,H042,Qadeer Shams
AR67,D067,Imran Fardan,S017,Imran,H067,Pariya Reza
AR92,D092,Imran Fardan,S017,Imran,H092,Pari Nadeem
AR18,D018,Noor Hashmi,S018,Noor,H018,Rania Latif
AR43,D043,Noor Hashmi,S018,Noor,H043,Rima Sayeed
AR68,D068,Noor Hashmi,S018,Noor,H068,Qasim Tahir
AR93,D093,Noor Hashmi,S018,Noor,H093,Qadeer Zahid
AR19,D019,Tariq Khan,S019,Tariq,H019,Saad Hamid
AR44,D044,Tariq Khan,S019,Tariq,H044,Salman Tariq
AR69,D069,Tariq Khan,S019,Tariq,H069,Rania Nadeem
AR94,D094,Tariq Khan,S019,Tariq,H094,Rima Tariq
AR20,D020,Hana Ali,S020,Hana,H020,Tara Zubair
AR45,D045,Hana Ali,S020,Hana,H045,Tahira Yousuf
AR70,D070,Hana Ali,S020,Hana,H070,Salman Feroz
AR95,D095,Hana Ali,S020,Hana,H095,Salman Feroz
AR21,D021,Farid Hussain,S021,Farid,H021,Umar Shafi
AR46,D046,Farid Hussain,S021,Farid,H046,Usman Farooq
AR71,D071,Farid Hussain,S021,Farid,H071,Tara Iqbal
AR96,D096,Farid Hussain,S021,Farid,H096,Tahira Malik
AR22,D022,Lina Mohamed,S022,Lina,H022,Vania Rizvi
AR47,D047,Lina Mohamed,S022,Lina,H047,Varsha Khan
AR72,D072,Lina Mohamed,S022,Lina,H072,Umar Khalid
AR97,D097,Lina Mohamed,S022,Lina,H097,Usman Shahid
AR23,D023,Saif Rahman,S023,Saif,H023,Waleed Junaid
AR48,D048,Saif Rahman,S023,Saif,H048,Wasim Javed
AR73,D073,Saif Rahman,S023,Saif,H073,Vania Farooq
AR98,D098,Saif Rahman,S023,Saif,H098,Varsha Farid
AR24,D024,Dina Saeed,S024,Dina,H024,Xena Farid
AR49,D049,Dina Saeed,S024,Dina,H049,Xariah Iqbal
AR74,D074,Dina Saeed,S024,Dina,H074,Waleed Sarwar
AR99,D099,Dina Saeed,S024,Dina,H099,Wasim Saleh
AR25,D025,Yusuf Nasser,S025,Yusuf,H025,Yasir Iqbal
AR50,D050,Yusuf Nasser,S025,Yusuf,H050,Yasmin Zafar
AR75,D075,Yusuf Nasser,S025,Yusuf,H075,Xena Masood
AR100,D100,Yusuf Nasser,S025,Yusuf,H100,Xariah Noor
